999,Tayo Sa Huling Buwan Ng Taon,"剧情,喜剧"
999,Gazap Rüzgarı,"剧情,喜剧"
999,Pugon,"剧情,喜剧"
999,希拉-希拉,"剧情,喜剧"
999,Lily + Mara,"剧情,喜剧"
1,Dastan,"剧情,惊悚"
1,Tayo Sa Huling Buwan Ng Taon,"剧情,惊悚"
1,Pugon,"剧情,惊悚"
1,Kelas Bintang - Salome,"剧情,惊悚"
1,Gazap Rüzgarı,"剧情,惊悚"
2,Metropolitan Monologues,"喜剧,剧情"
2,Say Less,"喜剧,剧情"
2,Sidonie Panache,"喜剧,剧情"
2,What Would You Do for Love,"喜剧,剧情"
2,Book of Love: The Definitive Reason Why Men Are Dogs,"喜剧,剧情"
3,Gazap Rüzgarı,"剧情,喜剧"
3,Dastan,"剧情,喜剧"
3,Pugon,"剧情,喜剧"
3,Azam,"剧情,喜剧"
3,Lily + Mara,"剧情,喜剧"
4,Metropolitan Monologues,"喜剧,惊悚"
4,Say Less,"喜剧,惊悚"
4,Sidonie Panache,"喜剧,惊悚"
4,What Would You Do for Love,"喜剧,惊悚"
4,Book of Love: The Definitive Reason Why Men Are Dogs,"喜剧,惊悚"
5,Tayo Sa Huling Buwan Ng Taon,"剧情,喜剧"
5,Gazap Rüzgarı,"剧情,喜剧"
5,Pugon,"剧情,喜剧"
5,希拉-希拉,"剧情,喜剧"
5,Lily + Mara,"剧情,喜剧"
6,Dastan,"爱情,剧情"
6,Mischievous Kiss: Love in Tokyo,"爱情,剧情"
6,Mischievous Kiss: Love in Tokyo,"爱情,剧情"
6,May Minamahal,"爱情,剧情"
6,Tayo Sa Huling Buwan Ng Taon,"爱情,剧情"
7,Tayo Sa Huling Buwan Ng Taon,"剧情,喜剧"
7,Pugon,"剧情,喜剧"
7,Gazap Rüzgarı,"剧情,喜剧"
7,Desert Warrior,"剧情,喜剧"
7,Lily + Mara,"剧情,喜剧"
8,Metropolitan Monologues,"喜剧,恐怖"
8,Say Less,"喜剧,恐怖"
8,Sidonie Panache,"喜剧,恐怖"
8,What Would You Do for Love,"喜剧,恐怖"
8,Book of Love: The Definitive Reason Why Men Are Dogs,"喜剧,恐怖"
9,Metropolitan Monologues,"喜剧,剧情"
9,Sidonie Panache,"喜剧,剧情"
9,Say Less,"喜剧,剧情"
9,Book of Love: The Definitive Reason Why Men Are Dogs,"喜剧,剧情"
9,What Would You Do for Love,"喜剧,剧情"
10,Tayo Sa Huling Buwan Ng Taon,"剧情,爱情"
10,Pugon,"剧情,爱情"
10,Dastan,"剧情,爱情"
10,Desert Warrior,"剧情,爱情"
10,Gazap Rüzgarı,"剧情,爱情"
