冒险,秘密女忍者列传：隐藏的女忍者,9.0,1
冒险,巨洪,9.0,2
冒险,蜘蛛侠：平行宇宙,8.4,3
冒险,盗梦空间,8.4,4
冒险,指环王3：王者无敌,8.49,5
冒险,星际穿越,8.462,6
冒险,指环王1：护戒使者,8.426,7
冒险,指环王2：双塔奇兵,8.41,8
冒险,边境奇袭,8.3,9
冒险,蜘蛛侠：纵横宇宙,8.3,10
剧情,直到世界尽头的远航,9.0,1
剧情,TV-feber,9.0,2
剧情,Soupçons,9.0,3
剧情,Regan,9.0,4
剧情,Regan,9.0,5
剧情,Matkina spoveď,9.0,6
剧情,Maki & Zorro,9.0,7
剧情,Light of the World,9.0,8
剧情,José Rizal,9.0,9
剧情,En ballotage,9.0,10
动作,巨洪,9.0,1
动作,Regan,9.0,2
动作,Regan,9.0,3
动作,AEW All Out: The Buy In,9.0,4
动作,AEW All Out: The Buy In,9.0,5
动作,怒火营救,8.5,6
动作,怒火营救,8.5,7
动作,怒火营救,8.5,8
动作,蝙蝠侠：黑暗骑士,8.524,9
动作,蜘蛛侠：平行宇宙,8.4,10
动画,Light of the World,9.0,1
动画,千与千寻,8.534,2
动画,蜘蛛侠：平行宇宙,8.4,3
动画,你的名字。,8.478,4
动画,蜘蛛侠：纵横宇宙,8.3,5
动画,蜘蛛侠：纵横宇宙,8.3,6
动画,未麻的部屋,8.3,7
动画,新世纪福音战士剧场版：Air / 真心为你,8.3,8
动画,哈尔的移动城堡,8.394,9
动画,声之形,8.387,10
历史,José Rizal,9.0,1
历史,密探,8.5,2
历史,辛德勒的名单,8.566,3
历史,南京照相馆,8.432,4
历史,音魂掠影,8.302,5
历史,绿皮书,8.225,6
历史,拯救大兵瑞恩,8.221,7
历史,肖恩,8.1,8
历史,血战钢锯岭,8.192,9
历史,乱,8.0,10
喜剧,Между нами лето,9.0,1
喜剧,Между нами лето,9.0,2
喜剧,TV-feber,9.0,3
喜剧,Quasi Natale,9.0,4
喜剧,Hogaya Dimaagh Ka Dahi,9.0,5
喜剧,Gangster Lolo,9.0,6
喜剧,En ballotage,9.0,7
喜剧,Como en el cine,8.7,8
喜剧,那些年，我们一起追的女孩,8.5,9
喜剧,Skanör-Falsterbo,8.5,10
奇幻,秘密女忍者列传：隐藏的女忍者,9.0,1
奇幻,Light of the World,9.0,2
奇幻,千与千寻,8.534,3
奇幻,绿里奇迹,8.502,4
奇幻,指环王3：王者无敌,8.49,5
奇幻,指环王1：护戒使者,8.426,6
奇幻,指环王2：双塔奇兵,8.41,7
奇幻,生活多美好,8.3,8
奇幻,新世纪福音战士剧场版：Air / 真心为你,8.3,9
奇幻,Magic Spot,8.3,10
家庭,Designer Pups,8.5,1
家庭,千与千寻,8.534,2
家庭,生活多美好,8.3,3
家庭,露西·希姆斯和和平王子,8.37,4
家庭,荒野机器人,8.319,5
家庭,荒野机器人,8.319,6
家庭,狼行者,8.2,7
家庭,寻梦环游记,8.2,8
家庭,狮子王,8.255,9
家庭,穿靴子的猫2,8.209,10
恐怖,弗兰肯斯坦崛起,9.5,1
恐怖,魅魔,9.019,2
恐怖,异形,8.2,3
恐怖,闪灵,8.206,4
恐怖,404宿灵速速逃,8.1,5
恐怖,Wishbaby,8.0,6
恐怖,Nunca te dejé sola,8.0,7
恐怖,Nunca te dejé sola,8.0,8
恐怖,Borley Rectory: The Awakening,8.0,9
恐怖,怪形,8.07,10
悬疑,Sır Dosyası,8.5,1
悬疑,七宗罪,8.377,2
悬疑,老男孩,8.245,3
悬疑,致命魔术,8.204,4
悬疑,禁闭岛,8.201,5
悬疑,禁闭岛,8.201,6
悬疑,2001太空漫游,8.1,7
悬疑,记忆碎片,8.177,8
悬疑,焦土之城,8.103,9
悬疑,怪形,8.07,10
惊悚,魅魔,9.019,1
惊悚,岛·消失的人们,8.5,2
惊悚,密探,8.5,3
惊悚,Sır Dosyası,8.5,4
惊悚,Alabama Rose,8.5,5
惊悚,Alabama Rose,8.5,6
惊悚,蝙蝠侠：黑暗骑士,8.524,7
惊悚,搏击俱乐部,8.438,8
惊悚,边境奇袭,8.3,9
惊悚,未麻的部屋,8.3,10
战争,José Rizal,9.0,1
战争,辛德勒的名单,8.566,2
战争,南京照相馆,8.432,3
战争,钢琴家,8.38,4
战争,现代启示录,8.27,5
战争,拯救大兵瑞恩,8.221,6
战争,无耻混蛋,8.214,7
战争,全金属外壳,8.1,8
战争,血战钢锯岭,8.192,9
战争,焦土之城,8.103,10
爱情,Между нами лето,9.0,1
爱情,Между нами лето,9.0,2
爱情,En ballotage,9.0,3
爱情,心動現在式,8.6,4
爱情,那些年，我们一起追的女孩,8.5,5
爱情,年轻的心,8.5,6
爱情,Skanör-Falsterbo,8.5,7
爱情,La Bohème,8.5,8
爱情,你的名字。,8.478,9
爱情,阿甘正传,8.463,10
犯罪,Regan,9.0,1
犯罪,Regan,9.0,2
犯罪,Maki & Zorro,9.0,3
犯罪,肖申克的救赎,8.711,4
犯罪,教父,8.684,5
犯罪,怒火营救,8.5,6
犯罪,怒火营救,8.5,7
犯罪,怒火营救,8.5,8
犯罪,岛·消失的人们,8.5,9
犯罪,教父2,8.571,10
电视电影,TV-feber,9.0,1
电视电影,Regan,9.0,2
电视电影,Regan,9.0,3
电视电影,La Bohème,8.5,4
电视电影,约瑟,8.2,5
电视电影,拜访森林,8.1,6
电视电影,家族荣耀,8.0,7
电视电影,The Immortal,8.0,8
电视电影,Fire & Ice,8.0,9
电视电影,天佑鲍比,8.06,10
科幻,巨洪,9.0,1
科幻,蜘蛛侠：平行宇宙,8.4,2
科幻,盗梦空间,8.4,3
科幻,星际穿越,8.462,4
科幻,蜘蛛侠：纵横宇宙,8.3,5
科幻,蜘蛛侠：纵横宇宙,8.3,6
科幻,新世纪福音战士剧场版：Air / 真心为你,8.3,7
科幻,星球大战5：帝国反击战,8.394,8
科幻,回到未来,8.322,9
科幻,荒野机器人,8.319,10
纪录,Zgodba gospoda P.F.,9.5,1
纪录,Medicating Normal,9.5,2
纪录,John Mayer: Someday I'll Fly,9.5,3
纪录,The Nation's Favourite Beatles Number One,9.3,4
纪录,Woodstock Diary,9.2,5
纪录,约翰·威廉姆斯：维也纳现场音乐会,9.1,6
纪录,Tigre Gente,9.0,7
纪录,TMZ Presents | Famous & Naked,9.0,8
纪录,Marvin Hamlisch: What He Did For Love,9.0,9
纪录,Enjoi - Bag of Suck,9.0,10
西部,黄金三镖客,8.462,1
西部,被解救的姜戈,8.2,2
西部,西部往事,8.278,3
西部,Shooting High,8.0,4
西部,Maskeli Beşler,8.0,5
西部,Bulletproof,8.0,6
西部,Bulletproof,8.0,7
西部,老无所依,7.947,8
西部,与狼共舞,7.8,9
西部,Profetul  aurul și ardelenii,7.8,10
音乐,John Mayer: Someday I'll Fly,9.5,1
音乐,The Nation's Favourite Beatles Number One,9.3,2
音乐,Woodstock Diary,9.2,3
音乐,约翰·威廉姆斯：维也纳现场音乐会,9.1,4
音乐,Между нами лето,9.0,5
音乐,Между нами лето,9.0,6
音乐,Marvin Hamlisch: What He Did For Love,9.0,7
音乐,Light of the World,9.0,8
音乐,魔法坏女巫：奇幻之夜,8.944,9
音乐,萨姆·史密斯：Love Goes - 阿比路录音室现场,8.5,10
