26,Manasantha Nuvve,Based on SimUser 287
26,攻击鬼魂13号,Based on SimUser 287
26,致命交叉点,Based on SimUser 287
26,Full Out,Based on SimUser 287
26,Till I Met You,Based on SimUser 287
29,惊天营救3,Based on SimUser 52
29,Hunting Season,Based on SimUser 52
29,Super Spook,Based on SimUser 52
29,重返虎穴2,Based on SimUser 52
29,浮生录,Based on SimUser 52
474,Veronika Zemanova,Based on SimUser 385
474,Spökligan,Based on SimUser 385
474,乐队男孩,Based on SimUser 385
474,尸杀泰拳,Based on SimUser 385
474,河马,Based on SimUser 385
65,The Return of Superfly,Based on SimUser 269
65,黑色尾流,Based on SimUser 269
65,Hipo,Based on SimUser 269
65,Aap Beati,Based on SimUser 269
65,喋血杀机,Based on SimUser 269
191,Stalking Eva,Based on SimUser 270
191,Superman,Based on SimUser 270
191,美国泡菜,Based on SimUser 270
191,Il sorriso del gatto,Based on SimUser 270
191,芒果缘,Based on SimUser 270
418,环药房自行车赛,Based on SimUser 348
418,Drevená krava,Based on SimUser 348
418,惊声尖叫6,Based on SimUser 348
418,一个家庭,Based on SimUser 348
418,NWA Crockett Cup 2023: Night 1,Based on SimUser 348
222,Robinson & Crusoe,Based on SimUser 415
222,Lev livet leende,Based on SimUser 415
222,流氓警察,Based on SimUser 415
222,猎物,Based on SimUser 415
222,Gleason,Based on SimUser 415
270,Smoked Hams,Based on SimUser 220
270,Canım Dayım,Based on SimUser 220
270,Ciulinii Bărăganului,Based on SimUser 220
270,Bliss Burger,Based on SimUser 220
270,NJPW G1 Climax 35: Day 15,Based on SimUser 220
293,Enduring Love,Based on SimUser 196
293,Lovers Lane,Based on SimUser 196
293,See Naples... Then Die,Based on SimUser 196
293,第十三修正案,Based on SimUser 196
293,Hayseed,Based on SimUser 196
243,Dark Moon Rising,Based on SimUser 485
243,养蜂人,Based on SimUser 485
243,猎兔季节,Based on SimUser 485
243,天才网路梦,Based on SimUser 485
243,被操纵的城市,Based on SimUser 485
278,Male Confessions,Based on SimUser 441
278,SHINE 52,Based on SimUser 441
278,Homecoming,Based on SimUser 441
278,圣诞欢歌,Based on SimUser 441
278,追色战争,Based on SimUser 441
367,银魂ON THEATER 2D 荆棘流氓篇,Based on SimUser 107
367,钓金龟,Based on SimUser 107
367,Below Utopia,Based on SimUser 107
367,怨妇,Based on SimUser 107
367,Strangers' Meeting,Based on SimUser 107
442,Perdido Por Cem...,Based on SimUser 395
442,小姐弟荒原历险,Based on SimUser 395
442,SuperKlaus,Based on SimUser 395
442,逢う時は他人,Based on SimUser 395
442,炸药先生：詹姆斯·布朗的崛起,Based on SimUser 395
19,死神来了：血脉诅咒,Based on SimUser 191
19,Karimedu Karuvayan,Based on SimUser 191
19,厄运假期,Based on SimUser 191
19,小塞内加尔,Based on SimUser 191
19,Spiked,Based on SimUser 191
54,双重生活,Based on SimUser 421
54,To Grandmother's House We Go,Based on SimUser 421
54,飞鹰计划,Based on SimUser 421
54,Tied Hands,Based on SimUser 421
54,Objectif Brennus,Based on SimUser 421
296,环药房自行车赛,Based on SimUser 348
296,Drevená krava,Based on SimUser 348
296,惊声尖叫6,Based on SimUser 348
296,Mackin’ Ain’t Easy,Based on SimUser 348
296,一个家庭,Based on SimUser 348
277,银魂ON THEATER 2D 荆棘流氓篇,Based on SimUser 107
277,Below Utopia,Based on SimUser 107
277,怨妇,Based on SimUser 107
277,Park Avenue,Based on SimUser 107
277,Dorian,Based on SimUser 107
287,Regan,Based on SimUser 238
287,American Bad Boy,Based on SimUser 238
287,方托马斯,Based on SimUser 238
287,Blackbuster,Based on SimUser 238
287,Sputum,Based on SimUser 238
348,家族恩仇,Based on SimUser 418
348,马布斯博士的遗嘱,Based on SimUser 418
348,En algún sitio,Based on SimUser 418
348,Colorado Sunset,Based on SimUser 418
348,二十四周,Based on SimUser 418
415,அவள் ஒரு தொடர்கதை,Based on SimUser 374
415,The Remnant,Based on SimUser 374
415,约瑟传说：梦幻国王,Based on SimUser 374
415,Rajakiya Chadurangam,Based on SimUser 374
415,Crimen imperfecto,Based on SimUser 374
999,肖申克的救赎,Based on SimUser 888
999,霸王别姬,Based on SimUser 888
999,教父,Based on SimUser 888
999,泰坦尼克号,Based on SimUser 888
